"Name","Runtime","Notes","Tags","AUC Precision Recall - DDR COTTON_WOOL_SPOT","AUC Precision Recall - DDR EXUDATES","AUC Precision Recall - DDR HEMORRHAGES","AUC Precision Recall - DDR MICROANEURYSMS","AUC Precision Recall - FGADR COTTON_WOOL_SPOT","AUC Precision Recall - FGADR EXUDATES","AUC Precision Recall - FGADR HEMORRHAGES","AUC Precision Recall - FGADR MICROANEURYSMS","AUC Precision Recall - IDRID COTTON_WOOL_SPOT","AUC Precision Recall - IDRID EXUDATES","AUC Precision Recall - IDRID HEMORRHAGES","AUC Precision Recall - IDRID MICROANEURYSMS","AUC Precision Recall - MESSIDOR COTTON_WOOL_SPOT","AUC Precision Recall - MESSIDOR EXUDATES","AUC Precision Recall - MESSIDOR HEMORRHAGES","AUC Precision Recall - MESSIDOR MICROANEURYSMS","AUC Precision Recall - RETLES COTTON_WOOL_SPOT","AUC Precision Recall - RETLES EXUDATES","AUC Precision Recall - RETLES HEMORRHAGES","AUC Precision Recall - RETLES MICROANEURYSMS","epoch","lr-AdamW","mIoU - DDR","mIoU - FGADR","mIoU - IDRID","mIoU - MESSIDOR","mIoU - RETLES","train_loss_epoch","train_loss_step","trainer/global_step","val_IoU COTTON_WOOL_SPOT","val_IoU EXUDATES","val_IoU HEMORRHAGES","val_IoU MICROANEURYSMS","val_loss","val_mIoU"
"absurd-cherry-103","47340","-","DDR, FGADR, IDRID, RETLES","0.5319439768791199","0.6427090167999268","0.5518141388893127","0.2646307051181793","0.4654828906059265","0.683296263217926","0.6464148759841919","0.32930153608322144","0.6334108114242554","0.7984287738800049","0.6758344173431396","0.4265742599964142","0.30782589316368103","0.5636851191520691","0.35777780413627625","0.217971071600914","0.522967517375946","0.6982710361480713","0.5457362532615662","0.41421231627464294","1250","0.0000010000024461937583","0.4631955325603485","0.4810834527015686","0.5695921182632446","0.3656875789165497","0.49208807945251465","0.27389639616012573","0.38942253589630127","55000","0.35519516468048096","0.49535316228866577","0.389664888381958","0.20573173463344577","0.3929211497306824","0.48604267835617065"
"sparkling-durian-105","45695","-","DDR, FGADR, MESSIDOR, RETLES","0.5278394222259521","0.5933614373207092","0.5059713125228882","0.21479731798171997","0.4477571249008178","0.6931542158126831","0.6563593149185181","0.3236185312271118","0.6206957101821899","0.7324162125587463","0.6433958411216736","0.3569789528846741","0.27971500158309937","0.7406830787658691","0.41394588351249695","0.4466344714164734","0.5177322626113892","0.6995638608932495","0.519046425819397","0.4099258482456207","1175","0.00002796983281306232","0.4391441941261291","0.4828034639358521","0.5281238555908203","0.4488142430782318","0.48595747351646423","0.2650933563709259","0.2660443186759949","52875","0.3564126193523407","0.49123460054397583","0.36303725838661194","0.20491957664489743","0.3924989700317383","0.4799438416957855"
"pious-grass-74","25374","-","DDR, FGADR","0.5162181854248047","0.6495888233184814","0.5111848711967468","0.2759007513523102","0.4437731504440307","0.6901155710220337","0.6513307690620422","0.33491215109825134","0.6091134548187256","0.7642138600349426","0.638473629951477","0.3698263168334961","0.36779260635375977","0.6154019832611084","0.5576106309890747","0.47406938672065735","0.4035232365131378","0.4783243238925934","0.475172758102417","0.33111968636512756","1100","0.00010635352493455198","0.45298129320144653","0.47703978419303894","0.5116416811943054","0.3693925440311432","0.2613159120082855","0.2546551525592804","0.2697308659553528","28600","0.2819311320781708","0.31683874130249023","0.277615487575531","0.05299064889550209","0.5184423923492432","0.3823789358139038"
"giddy-pond-99","46451","-","DDR, FGADR, RETLES","0.5148215293884277","0.635836660861969","0.5448365211486816","0.2620052993297577","0.45100730657577515","0.6826896071434021","0.6487076878547668","0.29610028862953186","0.6411781311035156","0.7592968940734863","0.6258161067962646","0.379564493894577","0.3460037410259247","0.4591947197914123","0.3109397292137146","0.20852988958358765","0.534406840801239","0.6948162317276001","0.521206259727478","0.4137295484542846","1250","0.000001000002561293112","0.4585947990417481","0.4762871265411377","0.531148374080658","0.35039472579956055","0.4914386868476868","0.2725401520729065","0.2806573808193207","53750","0.36912375688552856","0.4932431876659394","0.3840935230255127","0.20367015898227692","0.391787588596344","0.4868552386760712"
"earnest-firefly-90","23938","-","DDR, RETLES","0.5108554363250732","0.6233984231948853","0.4949764907360077","0.24197249114513397","0.3150779604911804","0.31192484498023987","0.3011735677719116","0.06760581582784653","0.6686812043190002","0.7387003302574158","0.6275594830513","0.371734082698822","0.32227590680122375","0.4369085729122162","0.32720455527305603","0.184332475066185","0.5281520485877991","0.6991705298423767","0.5153729915618896","0.4195640683174134","1150","0.000048150307527141154","0.44572287797927856","0.29200059175491333","0.5208796262741089","0.33958250284194946","0.4883459508419037","0.25549015402793884","0.2616395056247711","26450","0.26201462745666504","0.31046634912490845","0.25522395968437195","0.09552931040525436","0.5129755735397339","0.378850519657135"
"decent-haze-106","49440","-","DDR, FGADR, IDRID, MESSIDOR, RETLES","0.5084977746009827","0.6117375493049622","0.5447860956192017","0.23405438661575317","0.4449217915534973","0.6951484084129333","0.6508341431617737","0.2895563244819641","0.6701094508171082","0.7860875129699707","0.6743975877761841","0.398461639881134","0.3307325839996338","0.7123324871063232","0.3926454186439514","0.4098129868507385","0.5254419445991516","0.7039055824279785","0.5196094512939453","0.4127877354621887","1250","0.00000100000223810532","0.4467681348323822","0.4752933979034424","0.5718318223953247","0.435278058052063","0.4897497892379761","0.26878297328948975","0.3656185269355774","57500","0.36051878333091736","0.4836112558841706","0.3918623626232147","0.2093367725610733","0.39205923676490784","0.48593831062316895"
"dandy-elevator-86","27127","-","DDR, FGADR","0.4884873628616333","0.6282310485839844","0.569524347782135","0.2738822102546692","0.4462114870548248","0.683203399181366","0.6535525321960449","0.30897611379623413","0.6606543064117432","0.7637006640434265","0.6317943930625916","0.3746587038040161","0.42747893929481506","0.6066763401031494","0.5247209668159485","0.477279394865036","0.4015760123729706","0.4844755530357361","0.48326942324638367","0.3189646005630493","1175","0.00002758743500783905","0.4525401294231415","0.47390758991241455","0.5284790992736816","0.35633328557014465","0.26332980394363403","0.24932610988616943","0.26727986335754395","30550","0.2802946865558624","0.3172335922718048","0.2697485089302063","0.05499209836125374","0.5159321427345276","0.3809048533439636"
"autumn-sky-79","6037","-","DDR","0.4859696328639984","0.6418529152870178","0.4613308012485504","0.2641676068305969","0.3576754033565521","0.3945787847042084","0.4457547068595886","0.10515261441469193","0.6080663800239563","0.7375781536102295","0.5904535055160522","0.35814669728279114","0.3049792945384979","0.606965184211731","0.5335363745689392","0.4691299498081207","0.3789542615413666","0.48475417494773865","0.461167424917221","0.3289206922054291","975","0.00034551586561059125","0.4301273226737976","0.263582319021225","0.485946923494339","0.3537899851799011","0.24757447838783264","0.2335452288389206","0.2303029298782349","5850","0.1775238811969757","0.15697894990444183","0.11716778576374054","0.03177569806575775","0.6323744654655457","0.2927621006965637"
"tough-fire-67","7293","-","DDR","0.47828176617622375","0.6540009379386902","0.47261589765548706","0.2639431357383728","0.34258678555488586","0.4329646825790405","0.39539000391960144","0.0969199612736702","0.634250283241272","0.7292148470878601","0.600476086139679","0.360451340675354","0.3280741274356842","0.6168362498283386","0.5378011465072632","0.47623488306999207","0.3754658997058869","0.4912140965461731","0.4804379343986511","0.29897210001945496","1175","0.00002767809265683456","0.43946126103401184","0.2886615991592407","0.4913206696510315","0.3484574556350708","0.2514903247356415","0.23820848762989044","0.2891240119934082","7050","0.1946895718574524","0.19443920254707336","0.14200827479362488","0.03158413618803024","0.6082767844200134","0.3086399734020233"
"sweet-cherry-92","29595","-","DDR, FGADR, IDRID","0.46619927883148193","0.6367419362068176","0.5308231711387634","0.27012473344802856","0.429860383272171","0.6873154640197754","0.6466289162635803","0.29212331771850586","0.6938157677650452","0.8080890774726868","0.6859880685806274","0.4250516593456268","0.19805219769477844","0.6253232359886169","0.5566278100013733","0.4901790320873261","0.4190495014190674","0.48764508962631226","0.49472925066947937","0.31215134263038635","1250","0.0000010000064963387323","0.4452337622642517","0.47055763006210327","0.5877282023429871","0.38269156217575073","0.2691454291343689","0.25916582345962524","0.3410017490386963","33750","0.29820746183395386","0.32162749767303467","0.2797350287437439","0.05990469455718994","0.5115792155265808","0.3883891701698303"
"fresh-grass-96","25764","-","DDR, IDRID, RETLES","0.4658878147602082","0.6269139051437378","0.4811219274997711","0.2499805986881256","0.3198137581348419","0.2694093883037567","0.3201392590999603","0.09511998295783997","0.6337372064590454","0.7951803803443909","0.669472873210907","0.4233335852622986","0.26719537377357483","0.4913209080696106","0.3446515202522278","0.218222051858902","0.5233049392700195","0.6923438310623169","0.523472249507904","0.4138192236423493","1200","0.000012843694271859142","0.43760812282562256","0.2958420515060425","0.5612010955810547","0.35318243503570557","0.4874333143234253","0.23682986199855804","0.25724703073501587","28800","0.28879979252815247","0.2917025685310364","0.2622760236263275","0.106556735932827","0.5011942386627197","0.38433200120925903"
"devoted-vortex-104","28801","-","DDR, IDRID, MESSIDOR, RETLES","0.4578924179077149","0.6320803165435791","0.4338342249393463","0.23127152025699615","0.34602195024490356","0.2354404479265213","0.2512340545654297","0.03873514384031296","0.6523497700691223","0.7933239340782166","0.6658908724784851","0.40896615386009216","0.24532432854175568","0.7421819567680359","0.4032748639583587","0.4285532534122467","0.5208280086517334","0.7009718418121338","0.5240214467048645","0.4015791416168213","1250","0.0000010000070056671766","0.426994264125824","0.28108012676239014","0.5654397010803223","0.44146862626075745","0.4867613911628723","0.2364879548549652","0.29599082469940186","32500","0.3019838333129883","0.2735360264778137","0.24205751717090607","0.1172991618514061","0.5065644979476929","0.381390392780304"
"still-leaf-101","24258","-","DDR, FGADR, IDRID, MESSIDOR","0.457368940114975","0.6329895853996277","0.5145682692527771","0.2747744619846344","0.44769832491874695","0.6798108816146851","0.6528772711753845","0.3174564242362976","0.6988955736160278","0.7922008633613586","0.672662615776062","0.4283767640590668","0.27259260416030884","0.7339568138122559","0.5706067085266113","0.5215961337089539","0.3837764263153076","0.4732452929019928","0.4625260829925537","0.30588966608047485","950","0.0004075005066507055","0.4416942596435547","0.475656121969223","0.5817502737045288","0.4823140501976013","0.2645682096481323","0.2802794277667999","0.3767892718315125","27550","0.3000325858592987","0.3177488148212433","0.28208503127098083","0.06831339001655579","0.5061405897140503","0.39013147354125977"
"lemon-pyramid-97","24653","-","DDR, FGADR, MESSIDOR","0.45660287141799927","0.6297722458839417","0.5707348585128784","0.24827170372009277","0.4415607154369354","0.686659574508667","0.6509619355201721","0.32848912477493286","0.6468971967697144","0.7483927607536316","0.6346449851989746","0.3616706430912018","0.351058691740036","0.7290223836898804","0.5588782429695129","0.5059888958930969","0.37841251492500305","0.4874893128871918","0.47210693359375","0.30894675850868225","1000","0.0002874581346631745","0.4449548125267029","0.4807740151882171","0.5215922594070435","0.4828732907772064","0.26075175404548645","0.2593878507614136","0.3605084121227264","28000","0.27266380190849304","0.32166680693626404","0.2483724504709244","0.06674182415008545","0.515643298625946","0.37831950187683105"
"olive-river-100","18470","-","DDR, MESSIDOR, RETLES","0.45486965775489807","0.6194876432418823","0.509984016418457","0.22580093145370483","0.32103854417800903","0.2556511163711548","0.23796547949314115","0.08645398169755936","0.6702865362167358","0.7544373273849487","0.6330161094665527","0.3760179877281189","0.3076638877391815","0.7422822117805481","0.39768022298812866","0.4493102431297302","0.5194254517555237","0.7020096182823181","0.5176387429237366","0.41882890462875366","825","0.0007815474264876389","0.4347046613693238","0.28118517994880676","0.5393452644348145","0.4477427303791046","0.4883694052696228","0.26238203048706055","0.2512706518173218","20625","0.28237584233283997","0.2966340482234955","0.23300528526306152","0.10289068520069122","0.5189858078956604","0.3776118755340576"
"tough-butterfly-94","7079","-","DDR, IDRID, MESSIDOR","0.4479251503944397","0.6391761302947998","0.5343164205551147","0.2590641677379608","0.3546585142612457","0.3664523959159851","0.4525788128376007","0.13394536077976227","0.6831457018852234","0.8068763613700867","0.6755352020263672","0.4420076608657837","0.14257796108722687","0.7418645620346069","0.5910438299179077","0.5129395723342896","0.37379419803619385","0.4959409832954407","0.4816318154335022","0.317065566778183","825","0.0007876698698131414","0.4327636659145355","0.25602900981903076","0.5829247236251831","0.4712155759334564","0.25537392497062683","0.22652411460876465","0.219517320394516","7425","0.21127024292945865","0.1083957701921463","0.1165946200489998","0.040107909590005875","0.6341708302497864","0.29134601354599"
"clear-serenity-71","8610","-","DDR, IDRID","0.4388827979564667","0.6417152285575867","0.488671600818634","0.26338475942611694","0.3902587592601776","0.40565335750579834","0.4570272564888001","0.08427304029464722","0.6679341197013855","0.8136278986930847","0.6935656070709229","0.417219340801239","0.2509162724018097","0.6211713552474976","0.5637866258621216","0.47153303027153015","0.3955593407154083","0.45119723677635193","0.4608429968357086","0.32055237889289856","1250","0.000001000096649610756","0.4348224997520447","0.2844051718711853","0.5797473788261414","0.38139817118644714","0.25412821769714355","0.21871520578861237","0.24887529015541077","8750","0.22283734381198883","0.16672687232494354","0.14175105094909668","0.03211825713515282","0.6109812259674072","0.3088211715221405"
"dandy-waterfall-91","25321","-","FGADR, IDRID, MESSIDOR","0.4102621376514435","0.5212445259094238","0.45310157537460327","0.21456459164619449","0.4702108800411224","0.6916911602020264","0.6501426100730896","0.3308943212032318","0.7346049547195435","0.8138167858123779","0.69326251745224","0.4265792667865753","0.32489585876464844","0.7278724908828735","0.5670142769813538","0.5219486355781555","0.3447939157485962","0.459658145904541","0.47220173478126526","0.29152271151542664","1250","0.0000010000089524214474","0.39126473665237427","0.48206597566604614","0.6017301082611084","0.48274898529052734","0.2820506691932678","0.26165056228637695","0.3814967274665833","28750","0.26477280259132385","0.331570565700531","0.2863364815711975","0.0753755196928978","0.5086143612861633","0.3880874812602997"
"quiet-universe-88","5559","-","DDR, MESSIDOR","0.4003515839576721","0.6374253034591675","0.5312246680259705","0.27526044845581055","0.35782748460769653","0.42579060792922974","0.3669339716434479","0.06569971889257431","0.652724027633667","0.7194255590438843","0.6092279553413391","0.3493998050689697","0.32357218861579895","0.7508087754249573","0.5702953338623047","0.5064024329185486","0.375925213098526","0.4812653660774231","0.47663596272468567","0.2976127862930298","700","0.0012199844703010855","0.42684173583984375","0.30268594622612","0.5078839659690857","0.4790440797805786","0.25661802291870117","0.27439793944358826","0.23348739743232727","5600","0.22115322947502136","0.20810885727405548","0.14179639518260956","0.04914046823978424","0.5912044644355774","0.3201504349708557"
"hopeful-pine-102","43013","-","FGADR, IDRID, MESSIDOR, RETLES","0.3994533121585846","0.4571874737739563","0.35943031311035156","0.22788387537002563","0.4411998391151428","0.690337598323822","0.6480175852775574","0.30867061018943787","0.6709867119789124","0.8008454442024231","0.6723001599311829","0.38811224699020386","0.3037746250629425","0.7301880717277527","0.4438353180885315","0.4588235318660736","0.5438907146453857","0.6863296627998352","0.5389235019683838","0.4140532612800598","1250","0.000001000002959894413","0.3092001974582672","0.4785836935043335","0.5735940933227539","0.4592592418193817","0.4947055578231811","0.2662449777126312","0.2961433529853821","50000","0.2946321666240692","0.42171016335487366","0.32545971870422363","0.16714341938495636","0.44290691614151","0.4375572204589844"
"fallen-grass-73","23546","-","FGADR, MESSIDOR","0.3972849249839782","0.48134875297546387","0.4375036060810089","0.32895347476005554","0.46277180314064026","0.6806206107139587","0.649899959564209","0.31384366750717163","0.5847645998001099","0.7276128530502319","0.5459387302398682","0.39911097288131714","0.1493876427412033","0.7597393989562988","0.5825169682502747","0.5290582180023193","0.37806180119514465","0.442992627620697","0.4703509509563446","0.2080523818731308","1200","0.000012845484980176171","0.3659107983112335","0.47697120904922485","0.4591183066368103","0.4798769950866699","0.28971168398857117","0.2452993541955948","0.22443360090255737","26400","0.23356536030769348","0.3292403519153595","0.24853934347629547","0.08897078782320023","0.5133664011955261","0.3764007985591888"
"apricot-firebrand-77","22591","-","FGADR","0.3816288113594055","0.40582603216171265","0.4306613504886627","0.07723128795623779","0.4358839094638825","0.6854522824287415","0.6478343605995178","0.3116031587123871","0.000922509585507214","0.6918944716453552","0.4410489499568939","0.15381565690040588","0.00022038618044462055","0.5783692002296448","0.4727502167224884","0.0006312052137218416","0.40594834089279175","0.48190319538116455","0.4925780296325683","0.37200284004211426","1250","0.0000010000118395774853","0.3168767988681793","0.4738910496234894","0.3298482298851013","0.28844374418258667","0.2553921043872833","0.22913263738155365","0.2213287055492401","25000","0.19254432618618011","0.3024335503578186","0.2500278353691101","0.03467712178826332","0.5632868409156799","0.3522893190383911"
"dainty-breeze-93","41030","-","FGADR, IDRID, RETLES","0.37552201747894287","0.4549527168273926","0.35285714268684387","0.2124815434217453","0.4593659043312073","0.67696213722229","0.6542686223983765","0.33541393280029297","0.6911425590515137","0.814123809337616","0.6889345049858093","0.41489291191101074","0.2480584979057312","0.4912044405937195","0.33502665162086487","0.22358065843582153","0.5269647836685181","0.6952165365219116","0.5325296521186829","0.4355322420597077","1250","0.000001000003279661416","0.2954005002975464","0.4832420349121094","0.5892695188522339","0.3490345776081085","0.4943103790283203","0.2683079242706299","0.3771791756153106","47500","0.2946593463420868","0.4109888970851898","0.30795052647590637","0.16299258172512054","0.4500287175178528","0.43090471625328064"
"hopeful-haze-81","22895","-","FGADR, IDRID","0.3690762221813202","0.4838228523731232","0.4701971709728241","0.21113312244415283","0.4671778380870819","0.7000277042388916","0.6425181031227112","0.26958033442497253","0.7113955020904541","0.8220870494842529","0.6846136450767517","0.41978833079338074","0.24098609387874603","0.6317075490951538","0.5027018189430237","0.4698558747768402","0.3740477561950683","0.474514901638031","0.45799973607063293","0.3226486146450043","1225","0.000004259143006612074","0.3842287063598633","0.47216957807540894","0.5945584774017334","0.40544021129608154","0.27776584029197693","0.24171797931194303","0.218879371881485","25725","0.27973058819770813","0.326326459646225","0.2797338664531708","0.06191817298531532","0.5105576515197754","0.3859486281871796"
"swept-blaze-72","20515","-","IDRID, RETLES","0.3535284698009491","0.4160134494304657","0.30127444863319397","0.18817856907844543","0.266265332698822","0.3248405158519745","0.3660169541835785","0.12429718673229218","0.6340530514717102","0.8231211304664612","0.6630175113677979","0.4047493040561676","0.23700018227100372","0.47629234194755554","0.3266473710536957","0.1729520857334137","0.5103170871734619","0.6986015439033508","0.5300816297531128","0.4341425895690918","1250","0.0000010000146167621895","0.29231512546539307","0.294382780790329","0.5662013292312622","0.3502996563911438","0.4894261062145233","0.23806725442409515","0.30087560415267944","22500","0.21834249794483185","0.23748324811458588","0.203825905919075","0.1101180911064148","0.5540556907653809","0.3457229733467102"
"giddy-cloud-75","40254","-","FGADR, RETLES","0.3438209891319275","0.4724211394786834","0.3617745041847229","0.2216041386127472","0.438457727432251","0.6841764450073242","0.6454620957374573","0.3259510397911072","0.351041704416275","0.5518728494644165","0.5371259450912476","0.1481776982545853","0.1757821887731552","0.5059444904327393","0.3131595253944397","0.23828935623168945","0.5222128629684448","0.7044727802276611","0.5342588424682617","0.42020827531814575","1250","0.000001000003459336065","0.28384703397750854","0.4788019061088562","0.2881644070148468","0.2907232940196991","0.4938857853412628","0.2682158052921295","0.37460488080978394","46250","0.26461124420166016","0.3858155906200409","0.3107544779777527","0.14763404428958893","0.47029539942741394","0.417016088962555"
"splendid-sea-98","34582","-","FGADR, MESSIDOR, RETLES","0.3375782072544098","0.46409329771995544","0.3651841878890991","0.23917226493358612","0.4333372116088867","0.6904413104057312","0.6438617706298828","0.3032773435115814","0.47402888536453247","0.5592582821846008","0.5341233015060425","0.17814721167087555","0.25582659244537354","0.7649088501930237","0.4562307596206665","0.4667436182498932","0.5276057720184326","0.7014524340629578","0.5403973460197449","0.41901201009750366","1025","0.00023577828295741625","0.2908920347690582","0.474456399679184","0.3238927125930786","0.4653460383415222","0.4943159222602844","0.27386632561683655","0.3222469687461853","39975","0.2797091007232666","0.39885976910591125","0.3198799192905426","0.15567970275878906","0.4576577842235565","0.4263002276420593"
"sandy-water-85","24519","-","FGADR, MESSIDOR","0.3249369263648987","0.4850290715694427","0.42634767293930054","0.3254436254501343","0.4416568577289582","0.6895220279693604","0.6525600552558899","0.311112642288208","0.5086469054222107","0.6722965836524963","0.5842633247375488","0.4089151918888092","0.31147077679634094","0.7691977620124817","0.5635426044464111","0.5324185490608215","0.36883097887039185","0.43400970101356506","0.4662155508995056","0.2108008861541748","1250","0.0000010000097847747015","0.35262173414230347","0.4769556522369385","0.4501283466815949","0.49823158979415894","0.2939133048057556","0.25705793499946594","0.324608713388443","27500","0.22959217429161072","0.3315489590167999","0.2800421714782715","0.08934114873409271","0.5156291723251343","0.3824656307697296"
"fearless-meadow-87","40217","-","FGADR, RETLES","0.3236735463142395","0.4701829254627228","0.3874054551124573","0.2208361178636551","0.4523827731609345","0.693845272064209","0.6507024168968201","0.3008769452571869","0.29729244112968445","0.5549675822257996","0.5375338792800903","0.1490795910358429","0.058916475623846054","0.5153558850288391","0.3379210829734802","0.24513216316699984","0.5262176394462585","0.6963584423065186","0.5490190982818604","0.42617911100387573","1250","0.000001000003459336065","0.2814990282058716","0.4799404442310333","0.28417980670928955","0.2849123775959015","0.49497321248054504","0.27032989263534546","0.4202256202697754","46250","0.2650771141052246","0.38418203592300415","0.3132342994213104","0.1482634395360947","0.4698001444339752","0.41740506887435913"
"still-oath-69","22429","-","FGADR, IDRID","0.32199785113334656","0.49515533447265625","0.4786677658557892","0.19289416074752808","0.4411190152168274","0.6932188868522644","0.6466968059539795","0.24923215806484225","0.7274874448776245","0.8247722387313843","0.6861340403556824","0.43891021609306335","0.2369956076145172","0.6308051943778992","0.4558956027030945","0.47703060507774353","0.33661505579948425","0.4787916839122772","0.4851965308189392","0.33611688017845154","1200","0.000012846508302605683","0.370612233877182","0.464514434337616","0.6033685207366943","0.3964725732803345","0.27603480219841003","0.2459828108549118","0.26626577973365784","25200","0.26837393641471863","0.3163723349571228","0.27622172236442566","0.05958159640431404","0.514337420463562","0.3805308938026428"
"warm-galaxy-95","13958","-","IDRID, MESSIDOR, RETLES","0.3167524039745331","0.42369139194488525","0.37869080901145935","0.1993570178747177","0.26391562819480896","0.22364075481891632","0.3526282012462616","0.08185066282749176","0.6579614877700806","0.7925650477409363","0.6443905830383301","0.3786289393901825","0.2945336401462555","0.7545849084854126","0.3824736773967743","0.46402978897094727","0.5036066174507141","0.691730260848999","0.5217782258987427","0.4180489182472229","775","0.0009486724379263684","0.2932248115539551","0.2819839417934418","0.5515233874320984","0.4536787271499634","0.4852646589279175","0.28680768609046936","0.24256139993667605","15500","0.223782479763031","0.2522816061973572","0.18337662518024445","0.11257565766572952","0.5524390339851379","0.34634727239608765"
"cosmic-frost-84","18888","-","IDRID, RETLES","0.3130026161670685","0.4414128065109253","0.3879786431789398","0.21402741968631744","0.28824520111083984","0.22612202167510984","0.2984178960323334","0.10050836205482484","0.6734070777893066","0.8218834400177002","0.674423098564148","0.4051860570907593","0.22391720116138455","0.5198861360549927","0.32430049777030945","0.186282217502594","0.5083713531494141","0.6921501159667969","0.525843620300293","0.4339854419231415","1150","0.000048161632171338486","0.28884994983673096","0.2831946015357971","0.5789451003074646","0.3560470938682556","0.4854918420314789","0.2395201027393341","0.23328661918640137","20700","0.2154870480298996","0.26261112093925476","0.201407790184021","0.08564350754022598","0.5555189251899719","0.34539663791656494"
"driven-wind-68","19743","-","RETLES","0.31072744727134705","0.4437263607978821","0.32825782895088196","0.21436987817287445","0.25259271264076233","0.2886062562465668","0.3075137436389923","0.11912880837917328","0.372829407453537","0.526796281337738","0.5356078743934631","0.15792891383171082","0.1909499615430832","0.5124169588088989","0.33955147862434387","0.24626436829566956","0.5078461766242981","0.6882708072662354","0.5147297978401184","0.4138198494911194","1250","0.000001000016386958445","0.27316930890083313","0.28427615761756897","0.28575360774993896","0.29352033138275146","0.4819639027118683","0.2548389732837677","0.38281798362731934","21250","0.20382843911647797","0.22984839975833893","0.1930340677499771","0.09433990716934204","0.5613244771957397","0.33612871170043945"
"floral-sun-80","17828","-","RETLES","0.2961249351501465","0.44572633504867554","0.351989209651947","0.21748805046081543","0.25392648577690125","0.3200584352016449","0.33889836072921753","0.15972770750522614","0.27504241466522217","0.5492877960205078","0.5263745784759521","0.1543511152267456","0.22868376970291135","0.5116934180259705","0.33246830105781555","0.24522125720977783","0.5133765339851379","0.6971405744552612","0.518185555934906","0.4192135632038117","1125","0.00007618240457927125","0.27512094378471375","0.28415653109550476","0.28318458795547485","0.3002071976661682","0.4855729937553406","0.25152307748794556","0.24846111238002777","19125","0.20767110586166385","0.21782906353473663","0.20274654030799863","0.08488425612449646","0.5705817341804504","0.3336508572101593"
"noble-aardvark-89","21773","-","MESSIDOR, RETLES","0.29212889075279236","0.4156332314014435","0.3389141261577606","0.20828810334205627","0.26065805554389954","0.31567516922950745","0.309093713760376","0.11223486810922624","0.3866880536079407","0.5622348189353943","0.5235516428947449","0.2040170282125473","0.3045712113380432","0.7678174376487732","0.3909352123737335","0.474303275346756","0.5149310827255249","0.6944535374641418","0.5300453305244446","0.4139193892478943","1250","0.000001000013118645331","0.28003838658332825","0.29133713245391846","0.31198763847351074","0.46353912353515625","0.487350195646286","0.24286843836307528","0.20914307236671448","23750","0.21517078578472135","0.23529519140720367","0.21143409609794617","0.10867878794670104","0.5503162145614624","0.3464427590370178"
"magic-flower-70","3552","-","IDRID, MESSIDOR","0.29198336601257324","0.4686841368675232","0.4396710693836212","0.19906243681907657","0.23557284474372864","0.25980958342552185","0.37757548689842224","0.05594099313020706","0.6592420935630798","0.8346286416053772","0.6484521627426147","0.4215445816516876","0.25199440121650696","0.7561753392219543","0.5962094068527222","0.5323739051818848","0.23598720133304596","0.3919806480407715","0.4387017488479614","0.22633615136146543","1150","0.00004842246828087667","0.3529762327671051","0.29887014627456665","0.5699819326400757","0.4808124303817749","0.2714982330799103","0.1880775541067123","0.1882652044296265","3450","0.18274804949760437","0.1744828075170517","0.17830097675323486","0.0532403402030468","0.6035156846046448","0.31315678358078003"
"stilted-shape-82","3847","-","IDRID, MESSIDOR","0.28141146898269653","0.46316930651664734","0.443401038646698","0.1759248971939087","0.24098770320415497","0.3800927698612213","0.2487335056066513","0.06514214724302292","0.6454243659973145","0.8178209066390991","0.658551812171936","0.41106343269348145","0.21958483755588531","0.7652931809425354","0.5589239597320557","0.517575204372406","0.24432790279388428","0.43099406361579895","0.40537360310554504","0.24497127532958984","1250","0.0000010005262034110342","0.3506905734539032","0.27934738993644714","0.5670546293258667","0.4784983098506927","0.273846834897995","0.18255358934402463","0.20071469247341156","3750","0.1851913183927536","0.16125428676605225","0.1472703516483307","0.053623151034116745","0.6126724481582642","0.3041343688964844"
"fiery-bush-76","1710","-","IDRID","0.2606826424598694","0.4680495262145996","0.45673230290412903","0.18340833485126495","0.1966506987810135","0.21078073978424072","0.39038825035095215","0.03960598632693291","0.6724811792373657","0.8319008350372314","0.6879975199699402","0.39646032452583313","0.16402247548103333","0.5467077493667603","0.4229377806186676","0.4562307000160218","0.2321173995733261","0.3894069492816925","0.43172916769981384","0.27653083205223083","1250","0.0000010047358284829871","0.35607126355171204","0.284228652715683","0.5760986804962158","0.37497544288635254","0.26011744141578674","0.13460220396518707","0.13460220396518707","1250","0.148640975356102","0.14621169865131378","0.15805304050445557","0.02977425791323185","0.6352870464324951","0.29150262475013733"
"scarlet-wave-78","2243","-","MESSIDOR","0.19883950054645536","0.3675214648246765","0.36451321840286255","0.31690478324890137","0.2539322078227997","0.2199639678001404","0.34791406989097595","0.05535798519849777","0.5311073064804077","0.5847373008728027","0.4654047787189483","0.36852580308914185","0.3004664182662964","0.7721876502037048","0.49986112117767334","0.5101162195205688","0.2724986970424652","0.3892533779144287","0.43686529994010925","0.2021872103214264","925","0.0004753960402394186","0.30990931391716003","0.26866626739501953","0.3973456025123596","0.4678560495376587","0.27821362018585205","0.219121053814888","0.25453662872314453","1850","0.12017501145601273","0.16262000799179077","0.1600605845451355","0.0581192821264267","0.6241331100463867","0.29535993933677673"
"drawn-donkey-66","2696","-","MESSIDOR","0.19449570775032043","0.37339502573013306","0.3466188311576843","0.29999083280563354","0.1260043978691101","0.15269020199775696","0.3349355161190033","0.06072719767689705","0.4790782034397125","0.5735606551170349","0.4390988051891327","0.34802016615867615","0.029237475246191025","0.7574782371520996","0.5390547513961792","0.5100098848342896","0.2974632680416107","0.4093042314052582","0.4481407403945923","0.2108002007007599","1125","0.0000749741688232582","0.3055436909198761","0.24249830842018127","0.36939024925231934","0.45501405000686646","0.2742738127708435","0.18461519479751587","0.1959717571735382","2250","0.08432088792324066","0.09818243235349657","0.1434445679187775","0.04060007259249687","0.6733822822570801","0.2661733329296112"
"warm-capybara-65","21292","-","FGADR","0.19057607650756836","0.42018091678619385","0.436736524105072","0.07829328626394272","0.4435768723487854","0.6846647262573242","0.6514683365821838","0.30713707208633423","0.46034491062164307","0.7204052209854126","0.4288125932216644","0.21719352900981903","0.15870574116706848","0.5796345472335815","0.4650006294250488","0.49028998613357544","0.37431254982948303","0.4836164712905884","0.4709225594997406","0.34537580609321594","1175","0.000027595587934268035","0.31241661310195923","0.47777870297431946","0.36237001419067383","0.2856307625770569","0.2574348747730255","0.245269775390625","0.30920112133026123","23500","0.20461943745613095","0.31181085109710693","0.23071107268333435","0.03559686988592148","0.5559412837028503","0.35288265347480774"
"neat-cosmos-83","6669","-","DDR, IDRID","","","","","","","","","","","","","","","","","","","","","973","0.0003540881756999153","","","","","","0.21724767982959747","0.2209291160106659","6817","0.18987254798412323","0.14395608007907867","0.14569078385829926","0.03677518293261528","0.617181658744812","0.29926756024360657"